ProjectNumber,Software
7420215790,Revit
4773405120,AutoCAD
6720312084,Revit
8790411899,Revit
4615695536,AutoCAD
8404745807,Revit
2231056523,Revit
8033554203,Revit
2576317952,AutoCAD
1239669697,AutoCAD
7480205804,AutoCAD
1461472401,AutoCAD
2490054641,AutoCAD
9643875719,AutoCAD
1614304839,AutoCAD
2452455460,AutoCAD
6539525489,AutoCAD
6571282965,AutoCAD
9349156448,AutoCAD
4064592073,Revit
7906575065,AutoCAD
1945229808,AutoCAD
240827047,AutoCAD
5578812533,AutoCAD
1879259563,Revit
2207565059,AutoCAD
9370235250,AutoCAD
1686104841,Revit
696103658,Revit
7346346772,Revit
9967641564,AutoCAD
6794716716,AutoCAD
5569574838,Revit
5173342645,Revit
3084784412,AutoCAD
774532180,AutoCAD
8370324746,AutoCAD
2620603165,Revit
9516673104,Revit
2637630615,AutoCAD
9112395151,AutoCAD
933675265,AutoCAD
70824109,AutoCAD
6655671177,AutoCAD
7570023127,Revit
4656607506,Revit
9582305475,AutoCAD
253246783,Revit
557787020,AutoCAD
6440792400,AutoCAD
6702497761,Revit
2795449517,AutoCAD
4836574828,Revit
8774496435,AutoCAD
5798600358,Revit
9277964044,Revit
8428867579,AutoCAD
8595030537,AutoCAD
1675036286,Revit
763093751,AutoCAD
7391441564,Revit
9027220364,Revit
3742188813,Revit
8640215873,Revit
2574228429,Revit
1498587335,AutoCAD
7786725794,Revit
4359990059,AutoCAD
8389477547,AutoCAD
5924507468,AutoCAD
5586874392,AutoCAD
5038946028,Revit
1481409925,AutoCAD
2580911951,Revit
291829899,Revit
2277904585,AutoCAD
3322852977,Revit
2429269826,Revit
1025501181,Revit
3331166142,AutoCAD
1500515136,AutoCAD
1974573698,Revit
3844408318,Revit
5713739583,AutoCAD
3022523831,Revit
1860722169,Revit
1434452828,Revit
6089648036,Revit
8781152439,Revit
3468325990,AutoCAD
8573898542,AutoCAD
3261483023,Revit
1776326202,AutoCAD
6772627210,AutoCAD
8021185070,AutoCAD
7623324544,Revit
5122745197,Revit
4699602228,Revit
5864428722,Revit
7901439714,Revit
2748456530,Revit
2243933515,Revit
632580847,AutoCAD
1869326874,Revit
4324880036,AutoCAD
4610382601,Revit
8797062050,Revit
3184307329,Revit
4738150182,AutoCAD
1208953986,AutoCAD
1552684137,AutoCAD
1464374521,AutoCAD
974107860,Revit
3959995016,AutoCAD
7253273991,AutoCAD
3841516730,AutoCAD
9424679837,Revit
9302547508,Revit
6491864196,Revit
4003283204,AutoCAD
4492897221,AutoCAD
5549766728,AutoCAD
9561182184,Revit
4725215955,AutoCAD
56935428,AutoCAD
4124636807,Revit
8867147388,Revit
5319327433,Revit
7728458786,Revit
8933701322,AutoCAD
1465832248,Revit
1588906340,Revit
1390878407,AutoCAD
710373066,AutoCAD
4045331946,AutoCAD
7528823148,AutoCAD
5080486670,AutoCAD
3334320664,AutoCAD
7293399555,AutoCAD
2499631046,AutoCAD
3457249774,Revit
3337462474,Revit
6417700994,Revit
6399753664,Revit
4648649511,AutoCAD
9940132522,Revit
9748885427,AutoCAD
9693179897,AutoCAD
8737047215,AutoCAD
7947148826,Revit
6923591649,AutoCAD
4945345042,Revit
4229435015,AutoCAD
2467951396,AutoCAD
2213890419,AutoCAD
6951203349,Revit
5998289193,Revit
253250474,Revit
4656819139,Revit
7684473036,Revit
9930131933,AutoCAD
6630765385,AutoCAD
5644734959,AutoCAD
7854023329,AutoCAD
9334522870,AutoCAD
6034156748,Revit
1230183879,Revit
3260526270,Revit
5687933753,AutoCAD
7505923887,Revit
8219256775,Revit
4148770402,Revit
1344923705,Revit
8901450373,Revit
5984921927,AutoCAD
4612569172,AutoCAD
2512777309,Revit
689151495,AutoCAD
3523820576,AutoCAD
4093958553,Revit
5565929462,AutoCAD
9737534667,Revit
387409325,Revit
6325633614,Revit
4327575354,AutoCAD
7635724491,AutoCAD
3853258773,AutoCAD
2575611527,AutoCAD
6573862284,Revit
368178709,AutoCAD
8024356877,AutoCAD
1907405889,Revit
3782990368,Revit
2920469356,AutoCAD
9215419862,Revit
1092524518,AutoCAD
9132710981,Revit
3680441962,Revit
4501907126,AutoCAD
3166869976,AutoCAD
9562172479,Revit
7285906037,Revit
8328198578,Revit
1058063350,Revit
8310930070,Revit
4221616677,AutoCAD
4281146785,Revit
5815124618,Revit
8254634748,Revit
5790519807,AutoCAD
1821194198,Revit
2252423016,Revit
9664735320,AutoCAD
7604951733,Revit
5153408706,Revit
4890121386,AutoCAD
9818268390,AutoCAD
7157667235,AutoCAD
9100204828,Revit
4278592729,AutoCAD
1706727262,Revit
3776305117,Revit
7860635826,AutoCAD
8260947606,AutoCAD
4479019900,Revit
4125128436,AutoCAD
614216937,Revit
2438821224,Revit
923002733,AutoCAD
1770624814,Revit
3411930509,AutoCAD
7455757395,AutoCAD
1738977590,Revit
1795798048,Revit
9360236272,Revit
2515458293,AutoCAD
1214715177,Revit
4261866431,AutoCAD
6051265913,Revit
8017680670,Revit
227315032,AutoCAD
7362499198,Revit
3039903137,AutoCAD
6211718610,Revit
9512908818,Revit
8002697855,AutoCAD
4562818437,AutoCAD
1847464926,AutoCAD
6390432774,Revit
7335015904,Revit
9704122813,Revit
1364941619,AutoCAD
6501641951,AutoCAD
5251350234,AutoCAD
6827784202,AutoCAD
1427748033,Revit
3610748110,Revit
2145303160,AutoCAD
2389953734,AutoCAD
9248787376,AutoCAD
2236173346,Revit
1937087766,AutoCAD
914006513,AutoCAD
130576809,AutoCAD
2274904020,AutoCAD
5265149788,Revit
2219756074,AutoCAD
5821385236,AutoCAD
6142257800,AutoCAD
6366998570,Revit
5815240716,Revit
7529167063,AutoCAD
6689048008,Revit
7882041411,AutoCAD
9972567894,Revit
7724467785,Revit
9760578138,AutoCAD
877824896,AutoCAD
9163787085,AutoCAD
172644667,AutoCAD
1365349325,AutoCAD
5824050588,AutoCAD
9453404274,AutoCAD
7212253983,Revit
1030635365,Revit
4294734419,Revit
876183550,AutoCAD
3161954962,AutoCAD
8955507113,AutoCAD
110825167,Revit
4622560475,AutoCAD
1398394832,AutoCAD
6949971378,Revit
8754908869,Revit
7831945533,Revit
2831633728,AutoCAD
9714104051,Revit
5214077725,Revit
4703598209,AutoCAD
1997135261,Revit
4936400825,AutoCAD
7251997530,AutoCAD
5771919326,AutoCAD
6547230530,Revit
4591268523,Revit
6554130740,AutoCAD
2345569312,Revit
356477379,Revit
1015914764,AutoCAD
9865503495,AutoCAD
5806478942,Revit
2497133124,Revit
3824019382,AutoCAD
918082825,AutoCAD
196254044,AutoCAD
4031220794,AutoCAD
8224507200,AutoCAD
7650823701,AutoCAD
6671691361,AutoCAD
3707306885,Revit
626701296,Revit
4810816395,AutoCAD
5079218427,Revit
2970442418,Revit
8026209321,Revit
4982105064,Revit
6562560852,AutoCAD
1014512019,Revit
6870096172,AutoCAD
203490309,AutoCAD
4336426376,Revit
8826363943,Revit
9647911263,AutoCAD
5027079827,Revit
4325350329,AutoCAD
2570415575,AutoCAD
7603918860,AutoCAD
9567145845,AutoCAD
7980402825,Revit
4286944091,AutoCAD
5238242855,Revit
139271119,Revit
8008769522,Revit
4573459210,AutoCAD
4862727381,Revit
7186823310,AutoCAD
6925857370,AutoCAD
2885020236,AutoCAD
6877849834,AutoCAD
8304602202,Revit
4027437052,AutoCAD
4327660890,Revit
8762973,AutoCAD
9063675354,Revit
5193368461,Revit
6303794074,Revit
5101002998,Revit
6585866597,AutoCAD
6553218360,Revit
626721480,AutoCAD
1680456854,Revit
8904594467,AutoCAD
3453722854,Revit
2062786944,Revit
9344780316,AutoCAD
8683827790,AutoCAD
6985019917,AutoCAD
6522850094,Revit
432987011,AutoCAD
9807209991,AutoCAD
8758203597,AutoCAD
5644366205,AutoCAD
5581461020,AutoCAD
3731881918,AutoCAD
6610607970,AutoCAD
1228278002,AutoCAD
5595046424,AutoCAD
483934246,Revit
878405543,AutoCAD
6045988939,AutoCAD
5459056646,AutoCAD
1554821290,AutoCAD
8936761117,Revit
9510488618,AutoCAD
3940504564,Revit
5880024780,AutoCAD
2064998160,AutoCAD
7502511337,AutoCAD
8476036915,AutoCAD
9965234365,Revit
4776944016,AutoCAD
9014276591,AutoCAD
8008676200,Revit
1325558839,Revit
3687843247,Revit
6905473730,Revit
8027558141,Revit
8173250650,AutoCAD
2799314066,Revit
8319546309,Revit
6144980487,AutoCAD
4712330538,AutoCAD
4360069626,AutoCAD
6634399149,Revit
4790887799,Revit
8815249466,AutoCAD
3045061522,AutoCAD
1091778718,Revit
1350922954,Revit
9191158640,Revit
2934021122,AutoCAD
5534172481,Revit
2028575269,Revit
5522417227,AutoCAD
1120129473,Revit
944758328,Revit
1864392320,Revit
2584531996,AutoCAD
9541534947,AutoCAD
9477736014,AutoCAD
8122690902,AutoCAD
991214930,Revit
6649055961,Revit
4207968488,Revit
5692074383,Revit
3388855915,AutoCAD
4367964516,AutoCAD
5657005040,Revit
7042563947,AutoCAD
9666867719,Revit
8490594802,Revit
1908427646,Revit
9358718174,AutoCAD
7305043776,Revit
4970064938,AutoCAD
9893183493,AutoCAD
2229077207,Revit
7597367958,Revit
9617128840,Revit
693431303,AutoCAD
3027938547,AutoCAD
8603104441,Revit
2288162384,AutoCAD
6105650225,Revit
784029498,Revit
8598116861,Revit
8976401479,Revit
1631576471,Revit
2412461444,AutoCAD
3566940528,AutoCAD
3045363002,Revit
9876810528,AutoCAD
7550399126,Revit
5330586190,AutoCAD
4389275335,Revit
1983305574,Revit
5870710468,Revit
8926935465,Revit
4239000977,Revit
9982224695,AutoCAD
9272529440,AutoCAD
3202651595,Revit
7489003237,AutoCAD
2248701873,AutoCAD
9348834363,Revit
3182265854,Revit
7909777912,Revit
3244628226,Revit
8868897821,Revit
9251571135,AutoCAD
8072871925,AutoCAD
9332971470,AutoCAD
210951075,Revit
7804544455,Revit
6365412368,AutoCAD
2922368449,AutoCAD
1404395304,AutoCAD
9572764498,AutoCAD
732818234,AutoCAD
3354792916,Revit
2141468846,AutoCAD
1705981282,Revit
1869076784,Revit
5539334407,Revit
250589847,AutoCAD
3342104217,AutoCAD
6903271551,AutoCAD
4318197294,Revit
5201250471,AutoCAD
7181161533,Revit
8404162561,AutoCAD
6467367110,Revit
5264043455,Revit
6682365584,Revit
1388184039,AutoCAD
4338810331,Revit
7383151790,AutoCAD
9966463055,AutoCAD
6637258824,AutoCAD
6718489762,AutoCAD
511004371,Revit
4447275278,Revit
7431339942,Revit
1388906841,Revit
2711514258,AutoCAD
3694588070,AutoCAD
5277991119,Revit
3036876054,Revit
3672148880,AutoCAD
6677296629,Revit
7262492876,AutoCAD
2421287379,AutoCAD
3026521374,Revit
9161121715,Revit
8561193401,Revit
4818930603,AutoCAD
1137716498,AutoCAD
6671311755,AutoCAD
5455429993,AutoCAD
6291995858,Revit
86404162,AutoCAD
5889846849,Revit
6954209690,AutoCAD
1625805773,Revit
2085184618,Revit
1598691269,AutoCAD
4047938024,AutoCAD
3771693384,AutoCAD
9628828374,AutoCAD
8083558536,AutoCAD
9782114498,AutoCAD
7776420266,AutoCAD
5418723081,Revit
6048923257,AutoCAD
4779901719,Revit
9558849812,Revit
1906661129,AutoCAD
6879655039,Revit
5250633964,AutoCAD
59571660,Revit
3334347326,Revit
1037943596,AutoCAD
3832534718,Revit
3473839276,Revit
7980914798,AutoCAD
831797836,Revit
4676854801,AutoCAD
4187026608,Revit
8561452263,AutoCAD
8402161811,Revit
3876374427,Revit
8661152414,Revit
1521406636,AutoCAD
6763145537,Revit
2925081493,AutoCAD
7380552120,Revit
3757409842,AutoCAD
1815247658,Revit
6558558985,AutoCAD
3523538287,AutoCAD
813054501,Revit
3042551502,AutoCAD
3325738286,AutoCAD
9567141566,AutoCAD
7201922191,Revit
7643042615,Revit
1515256954,AutoCAD
5545922228,AutoCAD
7115035072,AutoCAD
5988393162,Revit
4344108255,AutoCAD
5462505672,AutoCAD
1832284945,Revit
6625423447,Revit
3015816448,AutoCAD
4227931163,Revit
9044772830,AutoCAD
5879047153,AutoCAD
3689022604,Revit
3265963705,Revit
5647481181,Revit
8744925267,Revit
143004049,Revit
8280303585,Revit
2914761434,AutoCAD
6907308496,Revit
6446763678,AutoCAD
779156490,Revit
3947733279,AutoCAD
3442550660,Revit
8146896776,AutoCAD
7156420811,AutoCAD
262586687,Revit
7508983412,AutoCAD
9696524835,AutoCAD
5224532382,Revit
3102383852,Revit
4840013651,Revit
9683189608,Revit
9095348995,Revit
7311925558,Revit
4990591808,AutoCAD
3000301170,Revit
4528211116,Revit
9945172388,AutoCAD
684074155,AutoCAD
1153346409,Revit
2020208725,AutoCAD
6749440631,AutoCAD
6795899853,Revit
830925833,AutoCAD
5367819859,AutoCAD
4962061230,AutoCAD
6469855583,AutoCAD
4395021071,AutoCAD
8085179174,AutoCAD
6902757831,Revit
5436772972,AutoCAD
3214728027,Revit
2912168342,Revit
5724193023,AutoCAD
8904140112,Revit
4193332846,Revit
6181520136,Revit
5986480888,Revit
4030667132,Revit
5843262324,Revit
5616588315,Revit
9158460665,Revit
1078891493,AutoCAD
8979748860,AutoCAD
2280959684,AutoCAD
6700444961,AutoCAD
9615186496,Revit
7088662597,Revit
558356632,Revit
9472600287,Revit
4170841511,AutoCAD
8924048061,AutoCAD
9049057371,Revit
3816690724,Revit
8642534266,Revit
8438396836,AutoCAD
6488473903,Revit
5082163657,AutoCAD
7379697303,Revit
6462967694,AutoCAD
3036167456,Revit
82947650,Revit
9094149704,AutoCAD
1593274872,AutoCAD
7610093739,Revit
105621761,Revit
6632214714,Revit
475499370,Revit
378040195,Revit
3132828817,AutoCAD
1602757663,Revit
4628174811,Revit
5663666606,Revit
4271850663,AutoCAD
9076121045,Revit
4514497428,AutoCAD
5942440333,AutoCAD
2400243752,AutoCAD
5898754990,Revit
8313684761,Revit
8978418548,Revit
6777316413,AutoCAD
3784768898,AutoCAD
2136577792,Revit
750381046,AutoCAD
6621307141,AutoCAD
9139585492,Revit
3553441639,AutoCAD
5399390317,Revit
2986810376,Revit
5797408851,AutoCAD
8472500767,Revit
365441988,AutoCAD
5989706671,AutoCAD
47878905,Revit
4905336070,AutoCAD
3419350826,AutoCAD
7306153214,Revit
1179777020,Revit
6027503277,Revit
1091154913,AutoCAD
8356309625,Revit
3089063683,Revit
9293648433,Revit
7822070586,AutoCAD
1901739427,AutoCAD
2478697217,Revit
3282456473,AutoCAD
5637823369,Revit
7508928663,Revit
8090490457,Revit
4465071807,Revit
9872544464,AutoCAD
5706373860,Revit
6443409121,AutoCAD
2742215119,AutoCAD
8211817292,AutoCAD
2018256472,AutoCAD
9217606907,AutoCAD
8302741330,Revit
1831070845,Revit
6254461774,AutoCAD
1456532229,Revit
3636566157,AutoCAD
1340928226,AutoCAD
9409040745,Revit
4802423198,AutoCAD
6162006034,Revit
9708858897,Revit
4531524833,AutoCAD
5399241818,Revit
7427958704,AutoCAD
8360308327,Revit
8487577962,Revit
1508720246,Revit
2653101410,AutoCAD
7929909046,Revit
1440471881,Revit
5980583636,Revit
2313374521,Revit
5134051870,Revit
540400741,Revit
9021179704,Revit
760370910,AutoCAD
321815592,AutoCAD
1193842704,Revit
7092046479,AutoCAD
8305012266,Revit
4469880483,Revit
9399714070,AutoCAD
7332949695,AutoCAD
9537568141,Revit
1815010834,AutoCAD
3878563059,Revit
4777161843,Revit
29104908,AutoCAD
1405807726,Revit
1351540979,Revit
7033658177,Revit
7053290732,AutoCAD
4756821329,AutoCAD
5968322450,Revit
9590084189,Revit
8415095320,Revit
9870594264,AutoCAD
7163482767,AutoCAD
7742437169,AutoCAD
261324964,AutoCAD
1830229145,AutoCAD
2193250225,Revit
1771469859,Revit
4247696617,AutoCAD
426674744,AutoCAD
4108689323,AutoCAD
3029178652,AutoCAD
6147718811,Revit
387691856,AutoCAD
8272116537,AutoCAD
964686383,AutoCAD
6136586973,Revit
174223541,AutoCAD
5927329822,Revit
8465223257,AutoCAD
4823966301,Revit
9678573106,AutoCAD
8197334866,AutoCAD
800923278,AutoCAD
9812846237,Revit
4400161359,Revit
8675429592,Revit
2908869574,Revit
8187605718,AutoCAD
2695835571,AutoCAD
6935108172,Revit
956398121,AutoCAD
6806269714,Revit
5906342322,Revit
7536670894,AutoCAD
9662634679,Revit
7954874430,Revit
1676867767,AutoCAD
5015359774,Revit
8779993,Revit
6329482936,Revit
8694065741,Revit
7727538979,AutoCAD
300388724,Revit
9892545998,AutoCAD
324333639,AutoCAD
2903534925,AutoCAD
6662436786,Revit
7884734641,AutoCAD
7832181770,Revit
3479181081,AutoCAD
2106252195,AutoCAD
4461660410,Revit
4396422375,AutoCAD
3081318341,AutoCAD
4171885208,Revit
1648683194,Revit
184524988,Revit
7440487851,Revit
9732133772,Revit
6812338854,Revit
5643181294,AutoCAD
3362614754,Revit
5413554854,AutoCAD
8054425691,Revit
9658996751,Revit
2798216876,Revit
1348500040,AutoCAD
659948258,AutoCAD
9637172093,AutoCAD
9560248090,AutoCAD
5372658406,Revit
1083980167,AutoCAD
720095368,AutoCAD
1300757912,Revit
3939775464,AutoCAD
6542319584,Revit
6006229574,AutoCAD
8037934919,AutoCAD
9426018575,AutoCAD
4978560578,AutoCAD
6803617724,AutoCAD
8937307089,Revit
9296113192,Revit
6007367451,Revit
4458237177,Revit
2545218354,AutoCAD
6451174111,AutoCAD
652841152,AutoCAD
6776503807,Revit
9776746233,AutoCAD
1599908338,Revit
1789423537,Revit
4923763327,AutoCAD
3722679431,AutoCAD
360159649,Revit
9237589912,AutoCAD
208966907,Revit
3710412568,AutoCAD
3855477421,Revit
8783524086,AutoCAD
4754630605,Revit
6599960773,AutoCAD
5703738814,AutoCAD
4437303588,Revit
1329743748,AutoCAD
1362701275,AutoCAD
7819726120,AutoCAD
4172729248,Revit
7896874614,Revit
9354475378,Revit
5510702167,Revit
4826563901,AutoCAD
8543703526,AutoCAD
4305295058,Revit
1211357757,Revit
2699340871,AutoCAD
1430854663,AutoCAD
4868055477,Revit
4714677611,AutoCAD
8942037735,Revit
5949826599,Revit
220091428,Revit
3102451183,Revit
5142447098,AutoCAD
1701937113,AutoCAD
8957297515,Revit
8858032745,AutoCAD
2624023160,AutoCAD
1156569523,Revit
7145438467,Revit
9855424755,AutoCAD
6004241006,Revit
4371985677,Revit
3576610425,AutoCAD
9739670527,Revit
467365729,AutoCAD
2963188679,Revit
7079871267,Revit
4357164387,AutoCAD
9240558525,AutoCAD
2508759270,AutoCAD
6019066440,Revit
4804289414,AutoCAD
1576643719,Revit
2306993558,AutoCAD
5249767717,Revit
9599288798,Revit
7482533752,Revit
7406780546,AutoCAD
2724771018,AutoCAD
2810129452,Revit
9757867344,Revit
2517363607,AutoCAD
7139507554,Revit
1671479930,AutoCAD
8012132341,AutoCAD
313739716,AutoCAD
8903476685,Revit
6344985129,Revit
9730399603,Revit
3993200695,Revit
8256172156,Revit
9591360260,AutoCAD
9247283768,Revit
7744626646,AutoCAD
8014906098,AutoCAD
4298720241,Revit
3358986548,AutoCAD
1156623650,AutoCAD
8349436109,AutoCAD
5783193370,Revit
2568407634,Revit
6103624630,AutoCAD
8283090024,AutoCAD
4838262178,Revit
85491482,AutoCAD
9437728008,Revit
9991705601,AutoCAD
8247007035,AutoCAD
7397441156,Revit
4148005891,Revit
909019307,Revit
2590699470,Revit
2128031010,Revit
1496313164,Revit
662864526,Revit
1833468601,Revit
151229336,AutoCAD
8084478931,Revit
1876448881,AutoCAD
1203090091,Revit
7406687852,AutoCAD
51003455,Revit
713747022,Revit
7363337715,AutoCAD
3290542590,Revit
1616722438,AutoCAD
7341526688,AutoCAD
8298422001,Revit
4217448865,Revit
6531836908,AutoCAD
4819299652,AutoCAD
3800596835,Revit
904343654,AutoCAD
1353106596,AutoCAD
1430096221,Revit
1666023035,Revit
3081581376,AutoCAD
7028781437,Revit
4938392525,Revit
4349116172,Revit
259079121,Revit
4289404053,AutoCAD
8820140272,Revit
5819304627,Revit
9510126079,AutoCAD
3350441443,Revit
3899162076,Revit
2204244805,AutoCAD
4717037450,AutoCAD
1458143157,AutoCAD
1062570519,AutoCAD
1375467287,AutoCAD
8197362333,AutoCAD
173636659,AutoCAD
3111583749,Revit
6866695558,AutoCAD
5257999226,Revit
7345143867,AutoCAD
532300277,AutoCAD
3024037137,Revit
5515263873,Revit
1279507127,AutoCAD
3095818292,AutoCAD
6047943292,AutoCAD
8180314168,AutoCAD
9001550703,AutoCAD
8625039258,AutoCAD
9157040853,AutoCAD
6269380524,Revit
2251143671,AutoCAD
5163297700,AutoCAD
5399903870,Revit
6106843508,Revit
2121124177,AutoCAD
2502008137,Revit
3185504275,AutoCAD
5197549934,AutoCAD
1315339237,AutoCAD
5124636068,AutoCAD
5781453150,Revit
9930085589,AutoCAD
5139874045,Revit
2869653770,AutoCAD
9989307485,Revit
1393693720,AutoCAD
27297974,AutoCAD
3673321963,AutoCAD
4432892463,Revit
4773923391,Revit
2018625706,AutoCAD
6693070156,AutoCAD
9962044921,Revit
7294573888,AutoCAD
1700060494,Revit
3360790485,AutoCAD
5483215677,Revit
4724552501,AutoCAD
9603419949,AutoCAD
4903663140,Revit
7486320824,Revit
8044068240,AutoCAD
8358555869,AutoCAD
7729725673,AutoCAD
9864639499,Revit
9173768748,AutoCAD
6588327670,AutoCAD
6407617209,AutoCAD
3964539280,AutoCAD
8691514775,Revit
6283230386,Revit
3247642257,Revit
4714841815,AutoCAD
5250931303,AutoCAD
3879866444,AutoCAD
6216236223,AutoCAD
2360321192,Revit
1784050917,AutoCAD
7699558062,AutoCAD
5356956356,AutoCAD
6621918085,Revit
2595024812,AutoCAD
839704297,Revit
9672927492,AutoCAD
164099405,Revit
1957221302,AutoCAD
2584069729,AutoCAD
4312872618,Revit
7827260174,Revit
6256616407,AutoCAD
9606502252,AutoCAD
438751482,Revit
9939825451,Revit
2070224876,AutoCAD
9271999633,AutoCAD
740339427,AutoCAD
6826509521,Revit
7269619379,AutoCAD
2485555502,AutoCAD
3502126005,AutoCAD
4200626036,AutoCAD
9204075980,Revit
5357027205,Revit
8177728273,AutoCAD
7108769904,AutoCAD
6262987132,AutoCAD
7390100102,Revit
5092314049,AutoCAD
279470216,Revit
4964038178,Revit
8331150399,AutoCAD
3068475319,AutoCAD
2849565032,Revit
3571987126,Revit
4787493702,Revit
1094772426,AutoCAD
8776776292,AutoCAD
7753478445,AutoCAD
8589247632,AutoCAD
294499454,Revit
3589882562,AutoCAD
1112062921,AutoCAD
9285442249,AutoCAD
7102164914,Revit
5277398548,Revit
4988987289,AutoCAD
7224635079,AutoCAD
5623960166,AutoCAD
2143505708,AutoCAD
2984193214,AutoCAD
9710830812,AutoCAD
7692608694,AutoCAD
3496613195,AutoCAD
5029692751,AutoCAD
7015186890,Revit
9818386273,Revit
6608843967,AutoCAD
1602407959,AutoCAD
9307081412,AutoCAD
4557591661,AutoCAD
9773501331,Revit
3339987587,AutoCAD
5956293163,Revit
9683315179,AutoCAD
4159079456,AutoCAD
90741728,AutoCAD
6982609109,Revit
252143250,AutoCAD
7905564195,AutoCAD
4749609597,Revit
4379591797,AutoCAD
5966420707,AutoCAD
6944140814,Revit
2731205401,Revit
5076959831,Revit
7121286388,AutoCAD
3025973637,AutoCAD
8261707436,AutoCAD
2884616988,AutoCAD
3919868254,Revit
2756947598,Revit
3812958945,AutoCAD
4197092434,Revit
9868345853,Revit
7857825241,Revit
8847173635,Revit
9157738673,Revit
501763772,Revit
6810889610,AutoCAD
2661872824,AutoCAD
7100881916,Revit
9755217852,Revit
5482797581,AutoCAD
3036144230,Revit
9311384486,AutoCAD
2982833979,AutoCAD
3752397103,Revit
3406846589,AutoCAD
4751012630,Revit
9907333489,AutoCAD
124528416,Revit
8086665431,AutoCAD
4590001252,Revit
1604554350,AutoCAD
5372876181,Revit
8571460865,AutoCAD
6010567132,Revit
657345926,Revit
714799000,AutoCAD
7075558510,AutoCAD
8590813430,AutoCAD
7220040339,Revit
4904282849,Revit
617252651,AutoCAD
1031113294,Revit
7624541843,AutoCAD
5542066017,AutoCAD
7253823853,AutoCAD
7172327645,Revit
6141594214,Revit
533760749,Revit
6091633692,Revit
5816820463,AutoCAD
7283165237,AutoCAD
5257194318,Revit
5783669219,AutoCAD
8380082344,Revit
1710184353,Revit
8029781114,AutoCAD
8386850069,Revit
3252726689,Revit
4103787006,Revit
9089435278,AutoCAD
5004696008,Revit
3457279487,AutoCAD
2088003936,AutoCAD
1928450215,AutoCAD
6483278720,Revit
5966830999,Revit
3293513274,Revit
291199145,AutoCAD
275964373,AutoCAD
7169582620,AutoCAD
7011146617,AutoCAD
4915513570,AutoCAD
7656464783,AutoCAD
1526519197,AutoCAD
211387094,AutoCAD
1798479466,AutoCAD
4194884723,Revit
8682086873,Revit
579815473,Revit
5535628185,Revit
5243772546,AutoCAD
1065199318,AutoCAD
369802872,AutoCAD
9123602096,Revit
4101969531,Revit
963420268,Revit
8973660057,Revit
1603088878,Revit
2209367626,AutoCAD
4425793957,AutoCAD
786514918,Revit
8796157274,Revit
2881359921,AutoCAD
88573960,Revit
2362760891,AutoCAD
2170738979,AutoCAD
5983638835,AutoCAD
8978135417,AutoCAD
5780705278,Revit
5420271938,Revit
6192583443,AutoCAD
3482716896,Revit
6893503273,Revit
9320272885,Revit
6537210137,Revit
4340738646,AutoCAD
3874680885,Revit
8536818361,Revit
9344561553,Revit
7099391938,Revit
8798289635,AutoCAD
8063799159,Revit
3513358861,Revit
7987826664,Revit
2649033575,Revit
6445634216,Revit
7770673204,Revit
1166165616,Revit
2983151159,Revit
5091756462,AutoCAD
1025436982,AutoCAD
3315377295,AutoCAD
4782427860,AutoCAD
3043738029,Revit
7444911203,Revit
2934603261,AutoCAD
2018053317,Revit
9423075954,Revit
2546375518,Revit
7390558820,Revit
3506955302,AutoCAD
4395701457,Revit
4211083031,AutoCAD
64980442,Revit
2790351684,AutoCAD
9803157088,Revit
6461300566,Revit
9560120042,AutoCAD
6281472079,Revit
6593914336,AutoCAD
7342231833,Revit
8558630295,AutoCAD
6230178158,Revit
9678862465,AutoCAD
2871015467,Revit
3895726697,Revit
2764150697,AutoCAD
1522960823,Revit
4077576142,AutoCAD
6546158492,AutoCAD
5877717719,AutoCAD
2001199571,AutoCAD
6329172161,Revit
3469789998,AutoCAD
4852875288,Revit
3676952764,AutoCAD
6877455614,Revit
4483592973,Revit
5446440388,Revit
657891878,Revit
9173901345,AutoCAD
5247579810,Revit
7548846154,Revit
1443938274,AutoCAD
9998482774,AutoCAD
6144456981,AutoCAD
5283632627,AutoCAD
2508397156,AutoCAD
8831105011,Revit
604531694,Revit
7042429261,Revit
7811624610,AutoCAD
6360443702,AutoCAD
7162916656,Revit
8850558075,AutoCAD
4659736441,AutoCAD
2121953818,Revit
8274581706,Revit
4390015915,Revit
1580885336,Revit
9328696011,AutoCAD
1412189186,AutoCAD
7105029592,AutoCAD
971928675,AutoCAD
6491117980,AutoCAD
8938188534,Revit
4534267671,AutoCAD
4214391944,AutoCAD
64943960,Revit
3935643489,Revit
2572076802,Revit
9068281085,Revit
5302454846,Revit
8719657038,Revit
3006774344,Revit
2196418335,Revit
9554429166,AutoCAD
4499843655,AutoCAD
7646633950,AutoCAD
9919899638,Revit
5458691655,Revit
6937015165,Revit
2293298161,Revit
3601772001,AutoCAD
8347390276,AutoCAD
8685336059,Revit
6815430166,Revit
2917604925,Revit
4308714119,AutoCAD
8552999670,Revit
8731004554,AutoCAD
4848759864,AutoCAD
3714415112,AutoCAD
9165966102,Revit
5038292968,Revit
3783197659,Revit
4892286375,Revit
2405886400,AutoCAD
5034325436,Revit
4357302020,Revit
4296060061,Revit
6268055502,Revit
2765847676,AutoCAD
1057538195,Revit
7570471881,Revit
2308601231,AutoCAD
6266884286,AutoCAD
2072362080,AutoCAD
8128345729,Revit
3647123245,Revit
6745786243,AutoCAD
3811642258,AutoCAD
2164788024,Revit
1323474978,AutoCAD
9697504361,AutoCAD
72569506,Revit
9157688423,Revit
5002973308,AutoCAD
1695736112,Revit
2674642324,AutoCAD
2582235957,Revit
3253676402,AutoCAD
97194442,Revit
1702634396,AutoCAD
9232520303,Revit
1810265957,Revit
1131595671,Revit
3929768772,Revit
2348881057,Revit
9485733061,Revit
3141819473,Revit
3273026189,AutoCAD
6209506288,AutoCAD
5661167910,Revit
7111819060,AutoCAD
6107611972,AutoCAD
2091516703,Revit
5529490238,AutoCAD
6200794496,AutoCAD
4014760083,AutoCAD
418563977,AutoCAD
8527484338,AutoCAD
6062261232,AutoCAD
1980107610,Revit
9498281871,AutoCAD
267837684,AutoCAD
6655451793,Revit
2352640811,Revit
9597139929,Revit
6923133300,Revit
832672205,Revit
8321351857,AutoCAD
3675158189,Revit
5111573288,Revit
8960237658,Revit
3375614468,Revit
3272438567,Revit
6860874326,AutoCAD
2239604985,Revit
4756066863,AutoCAD
8206343308,Revit
4698399442,AutoCAD
1245097563,Revit
7576369530,Revit
5317844745,AutoCAD
1330981337,AutoCAD
2939232490,Revit
137986811,Revit
3473265810,AutoCAD
4066543053,Revit
8056931474,Revit
4168811574,AutoCAD
6242566543,AutoCAD
5388031182,AutoCAD
6250663509,AutoCAD
9157682333,Revit
4229143808,Revit
1911419951,AutoCAD
2565461884,AutoCAD
70553735,Revit
2651833978,Revit
8042100710,AutoCAD
4630174325,AutoCAD
3474108526,AutoCAD
1931682446,AutoCAD
3280534308,AutoCAD
9865788810,AutoCAD
9454116430,AutoCAD
9700622368,AutoCAD
824729744,AutoCAD
9603455394,Revit
2841759531,Revit
9550316842,AutoCAD
1620512588,AutoCAD
6989745385,AutoCAD
2340604681,Revit
1802536274,AutoCAD
3161528645,AutoCAD
5998121863,Revit
2219033156,AutoCAD
377145940,AutoCAD
2033100140,AutoCAD
9981610137,Revit
758697794,Revit
1064380814,Revit
4548010171,Revit
4543180018,Revit
2304502325,AutoCAD
35073460,AutoCAD
299240545,AutoCAD
9980394062,AutoCAD
9632409847,AutoCAD
4444076580,Revit
9151784249,Revit
1977379718,Revit
7193614371,Revit
1599011960,Revit
8104609817,Revit
43377741,AutoCAD
2474300670,Revit
9791519592,AutoCAD
6622457244,Revit
4771803286,AutoCAD
1352973081,Revit
1243040709,AutoCAD
3649858252,AutoCAD
6696299439,Revit
6180213124,AutoCAD
3753946510,Revit
4379778359,Revit
4194669141,Revit
664875148,Revit
5456530828,AutoCAD
5689135068,AutoCAD
1979438890,Revit
1230531778,AutoCAD
1041332244,AutoCAD
2300896842,Revit
1254867305,Revit
4877636630,Revit
5510622061,AutoCAD
1135549539,AutoCAD
3976912050,Revit
1227937,Revit
812205581,Revit
5480155787,Revit
3169794281,AutoCAD
2563745885,AutoCAD
4553739818,Revit
7995633890,Revit
5367608255,Revit
9424563631,Revit
5577838191,Revit
3301012849,AutoCAD
234504404,Revit
5399032426,AutoCAD
1984766661,AutoCAD
7191834108,AutoCAD
725691200,Revit
6182068039,Revit
9912469536,Revit
9115581590,Revit
9106573459,AutoCAD
1822793510,Revit
1154098166,AutoCAD
1935712470,Revit
468348247,AutoCAD
7454875204,Revit
3431807637,Revit
4476595933,AutoCAD
5863403475,Revit
4696524699,Revit
2367581298,Revit
1532794493,AutoCAD
4337928017,Revit
9435640815,AutoCAD
7627555147,Revit
6088590450,AutoCAD
1706141625,Revit
2048715948,AutoCAD
6618013728,Revit
3617552240,Revit
4403548140,Revit
374196190,Revit
6521103351,Revit
4421098430,Revit
9566635399,Revit
9836224691,AutoCAD
1269525136,AutoCAD
6521898875,AutoCAD
1534008671,AutoCAD
7870339015,Revit
7398233718,AutoCAD
2204754185,Revit
9123930357,Revit
8429683058,Revit
1203548654,Revit
2993143362,Revit
1043751317,AutoCAD
5189082657,Revit
4594068313,Revit
8937523162,AutoCAD
7921302738,AutoCAD
93466996,AutoCAD
9116840230,AutoCAD
762759843,AutoCAD
1818873374,AutoCAD
3466988793,Revit
5209940994,AutoCAD
1636849767,Revit
